"yr.n","age.n","c3","year5","age","count","tot_p","rate","cohort"
1982,17,"assault","[1980,1985)","yr1519",30,4239729,0.707592395646042,1965
1982,17,"battery","[1980,1985)","yr1519",653,4239729,15.4019278118955,1965
1982,17,"intentional property damage","[1980,1985)","yr1519",155,4239729,3.65589404417122,1965
1982,17,"murder","[1980,1985)","yr1519",86,4239729,2.02843153418532,1965
1982,17,"stolen goods","[1980,1985)","yr1519",880,4239729,20.7560436056172,1965
1982,17,"robbery","[1980,1985)","yr1519",1796,4239729,42.3611980860097,1965
1982,17,"frauds","[1980,1985)","yr1519",1005,4239729,23.7043452541424,1965
1982,17,"willful infliction of bodily injury","[1980,1985)","yr1519",1340,4239729,31.6057936721899,1965
1982,17,"larceny","[1980,1985)","yr1519",25714,4239729,606.501028721411,1965
1982,17,"punishment of violences, etc. act","[1980,1985)","yr1519",40567,4239729,956.830023805767,1965
1982,22,"willful infliction of bodily injury","[1980,1985)","yr2024",2830,4053638,69.8138314274733,1960
1982,22,"intentional property damage","[1980,1985)","yr2024",348,4053638,8.58488103772463,1960
1982,22,"robbery","[1980,1985)","yr2024",1079,4053638,26.6180650566232,1960
1982,22,"larceny","[1980,1985)","yr2024",14373,4053638,354.570388377058,1960
1982,22,"battery","[1980,1985)","yr2024",1539,4053638,37.9658963133857,1960
1982,22,"frauds","[1980,1985)","yr2024",3961,4053638,97.7146948000783,1960
1982,22,"murder","[1980,1985)","yr2024",131,4053638,3.23166498833887,1960
1982,22,"stolen goods","[1980,1985)","yr2024",1081,4053638,26.6674034533917,1960
1982,22,"punishment of violences, etc. act","[1980,1985)","yr2024",49940,4053638,1231.97976731025,1960
1982,22,"assault","[1980,1985)","yr2024",69,4053638,1.70217468851437,1960
1982,27,"intentional property damage","[1980,1985)","yr2529",405,3082172,13.1400843301412,1955
1982,27,"larceny","[1980,1985)","yr2529",9328,3082172,302.643720077919,1955
1982,27,"punishment of violences, etc. act","[1980,1985)","yr2529",38782,3082172,1258.26851973219,1955
1982,27,"robbery","[1980,1985)","yr2529",445,3082172,14.4378704368218,1955
1982,27,"battery","[1980,1985)","yr2529",1706,3082172,55.3505774499282,1955
1982,27,"murder","[1980,1985)","yr2529",115,3082172,3.73113505670676,1955
1982,27,"willful infliction of bodily injury","[1980,1985)","yr2529",3807,3082172,123.516792703327,1955
1982,27,"stolen goods","[1980,1985)","yr2529",1451,3082172,47.0771910198393,1955
1982,27,"frauds","[1980,1985)","yr2529",9540,3082172,309.521986443326,1955
1982,27,"assault","[1980,1985)","yr2529",95,3082172,3.08224200336646,1955
1982,32,"punishment of violences, etc. act","[1980,1985)","yr3034",22164,2519241,879.78879352948,1950
1982,32,"murder","[1980,1985)","yr3034",86,2519241,3.41372659463704,1950
1982,32,"willful infliction of bodily injury","[1980,1985)","yr3034",3325,2519241,131.984196827537,1950
1982,32,"stolen goods","[1980,1985)","yr3034",1359,2519241,53.9448190943225,1950
1982,32,"larceny","[1980,1985)","yr3034",5214,2519241,206.967098423692,1950
1982,32,"intentional property damage","[1980,1985)","yr3034",369,2519241,14.6472687607101,1950
1982,32,"robbery","[1980,1985)","yr3034",171,2519241,6.78775869398759,1950
1982,32,"battery","[1980,1985)","yr3034",1491,2519241,59.1844924721374,1950
1982,32,"frauds","[1980,1985)","yr3034",12266,2519241,486.892679183929,1950
1982,32,"assault","[1980,1985)","yr3034",96,2519241,3.81067154750181,1950
1982,37,"murder","[1980,1985)","yr3539",65,2223341,2.92352814975301,1945
1982,37,"punishment of violences, etc. act","[1980,1985)","yr3539",15168,2223341,682.216538083902,1945
1982,37,"frauds","[1980,1985)","yr3539",13571,2223341,610.387700312278,1945
1982,37,"willful infliction of bodily injury","[1980,1985)","yr3539",2994,2223341,134.662204313239,1945
1982,37,"larceny","[1980,1985)","yr3539",3544,2223341,159.399750195764,1945
1982,37,"assault","[1980,1985)","yr3539",99,2223341,4.45275825885458,1945
1982,37,"robbery","[1980,1985)","yr3539",78,2223341,3.50823377970361,1945
1982,37,"stolen goods","[1980,1985)","yr3539",1187,2223341,53.3881217501049,1945
1982,37,"intentional property damage","[1980,1985)","yr3539",374,2223341,16.8215312001173,1945
1982,37,"battery","[1980,1985)","yr3539",1357,2223341,61.0342722956128,1945
1982,42,"punishment of violences, etc. act","[1980,1985)","yr4044",10695,2131651,501.723781238111,1940
1982,42,"murder","[1980,1985)","yr4044",47,2131651,2.20486374176636,1940
1982,42,"willful infliction of bodily injury","[1980,1985)","yr4044",2463,2131651,115.544242467458,1940
1982,42,"larceny","[1980,1985)","yr4044",2588,2131651,121.408241780667,1940
1982,42,"intentional property damage","[1980,1985)","yr4044",340,2131651,15.9500781319268,1940
1982,42,"assault","[1980,1985)","yr4044",84,2131651,3.94060753847604,1940
1982,42,"robbery","[1980,1985)","yr4044",44,2131651,2.06412775824936,1940
1982,42,"battery","[1980,1985)","yr4044",1117,2131651,52.4006978628303,1940
1982,42,"frauds","[1980,1985)","yr4044",12290,2131651,576.54841247465,1940
1982,42,"stolen goods","[1980,1985)","yr4044",906,2131651,42.5022670221345,1940
1982,47,"murder","[1980,1985)","yr4549",32,1781813,1.79592359018595,1935
1982,47,"frauds","[1980,1985)","yr4549",9604,1781813,539.001567504559,1935
1982,47,"punishment of violences, etc. act","[1980,1985)","yr4549",6919,1781813,388.312353765519,1935
1982,47,"intentional property damage","[1980,1985)","yr4549",274,1781813,15.3775957409672,1935
1982,47,"assault","[1980,1985)","yr4549",62,1781813,3.47960195598528,1935
1982,47,"willful infliction of bodily injury","[1980,1985)","yr4549",1805,1781813,101.301315008926,1935
1982,47,"larceny","[1980,1985)","yr4549",1757,1781813,98.6074296236474,1935
1982,47,"battery","[1980,1985)","yr4549",821,1781813,46.0766646107083,1935
1982,47,"robbery","[1980,1985)","yr4549",23,1781813,1.29082008044615,1935
1982,47,"stolen goods","[1980,1985)","yr4549",625,1781813,35.0766326208194,1935
1982,52,"punishment of violences, etc. act","[1980,1985)","yr5054",3999,1325925,301.60076927428,1930
1982,52,"larceny","[1980,1985)","yr5054",1078,1325925,81.3017327526067,1930
1982,52,"murder","[1980,1985)","yr5054",22,1325925,1.65921903576748,1930
1982,52,"frauds","[1980,1985)","yr5054",6083,1325925,458.774063389709,1930
1982,52,"willful infliction of bodily injury","[1980,1985)","yr5054",1104,1325925,83.2626279766955,1930
1982,52,"robbery","[1980,1985)","yr5054",13,1325925,0.980447612044422,1930
1982,52,"intentional property damage","[1980,1985)","yr5054",190,1325925,14.3296189452646,1930
1982,52,"assault","[1980,1985)","yr5054",40,1325925,3.01676188321361,1930
1982,52,"battery","[1980,1985)","yr5054",514,1325925,38.7653901992948,1930
1982,52,"stolen goods","[1980,1985)","yr5054",398,1325925,30.0167807379754,1930
1982,57,"larceny","[1980,1985)","yr5559",580,1125353,51.5393836422882,1925
1982,57,"punishment of violences, etc. act","[1980,1985)","yr5559",1941,1125353,172.479213189106,1925
1982,57,"intentional property damage","[1980,1985)","yr5559",124,1125353,11.0187647786961,1925
1982,57,"murder","[1980,1985)","yr5559",15,1125353,1.33291509419711,1925
1982,57,"willful infliction of bodily injury","[1980,1985)","yr5559",590,1125353,52.4279937050863,1925
1982,57,"battery","[1980,1985)","yr5559",286,1125353,25.4142477960249,1925
1982,57,"frauds","[1980,1985)","yr5559",3388,1125353,301.061089275987,1925
1982,57,"assault","[1980,1985)","yr5559",23,1125353,2.04380314443557,1925
1982,57,"robbery","[1980,1985)","yr5559",6,1125353,0.533166037678844,1925
1982,57,"stolen goods","[1980,1985)","yr5559",227,1125353,20.1714484255163,1925
1982,62,"battery","[1980,1985)","yr6064",179,822057,21.7746457970676,1920
1982,62,"intentional property damage","[1980,1985)","yr6064",84,822057,10.2182695360541,1920
1982,62,"larceny","[1980,1985)","yr6064",355,822057,43.184353396419,1920
1982,62,"punishment of violences, etc. act","[1980,1985)","yr6064",1179,822057,143.420711702473,1920
1982,62,"stolen goods","[1980,1985)","yr6064",141,822057,17.1520952926622,1920
1982,62,"frauds","[1980,1985)","yr6064",1931,822057,234.898553263338,1920
1982,62,"willful infliction of bodily injury","[1980,1985)","yr6064",356,822057,43.3059994623244,1920
1982,62,"murder","[1980,1985)","yr6064",10,822057,1.21646065905406,1920
1982,62,"assault","[1980,1985)","yr6064",15,822057,1.82469098858108,1920
1982,62,"robbery","[1980,1985)","yr6064",5,822057,0.608230329527028,1920
1987,17,"larceny","[1985,1990)","yr1519",23348,4316264,540.930767904836,1970
1987,17,"punishment of violences, etc. act","[1985,1990)","yr1519",42804,4316264,991.690962369308,1970
1987,17,"intentional property damage","[1985,1990)","yr1519",112,4316264,2.59483664576588,1970
1987,17,"murder","[1985,1990)","yr1519",103,4316264,2.38632298673112,1970
1987,17,"battery","[1985,1990)","yr1519",415,4316264,9.61479649993606,1970
1987,17,"frauds","[1985,1990)","yr1519",1849,4316264,42.8379728394741,1970
1987,17,"willful infliction of bodily injury","[1985,1990)","yr1519",1278,4316264,29.6089395829356,1970
1987,17,"stolen goods","[1985,1990)","yr1519",631,4316264,14.6191243167702,1970
1987,17,"assault","[1985,1990)","yr1519",21,4316264,0.486531871081102,1970
1987,17,"robbery","[1985,1990)","yr1519",2344,4316264,54.3062240863858,1970
1987,22,"larceny","[1985,1990)","yr2024",10475,4245090,246.75566360195,1965
1987,22,"battery","[1985,1990)","yr2024",751,4245090,17.6910265742305,1965
1987,22,"robbery","[1985,1990)","yr2024",1238,4245090,29.1631037268939,1965
1987,22,"punishment of violences, etc. act","[1985,1990)","yr2024",48009,4245090,1130.93008628792,1965
1987,22,"assault","[1985,1990)","yr2024",36,4245090,0.848038557486414,1965
1987,22,"frauds","[1985,1990)","yr2024",3573,4245090,84.1678268305266,1965
1987,22,"murder","[1985,1990)","yr2024",129,4245090,3.03880483099298,1965
1987,22,"stolen goods","[1985,1990)","yr2024",445,4245090,10.4826988355959,1965
1987,22,"intentional property damage","[1985,1990)","yr2024",216,4245090,5.08823134491848,1965
1987,22,"willful infliction of bodily injury","[1985,1990)","yr2024",2110,4245090,49.7044821193426,1965
1987,27,"robbery","[1985,1990)","yr2529",632,4070408,15.5266990434374,1960
1987,27,"stolen goods","[1985,1990)","yr2529",702,4070408,17.2464283678688,1960
1987,27,"willful infliction of bodily injury","[1985,1990)","yr2529",4151,4070408,101.97994893878,1960
1987,27,"intentional property damage","[1985,1990)","yr2529",372,4070408,9.13913298126379,1960
1987,27,"larceny","[1985,1990)","yr2529",8355,4070408,205.261978651771,1960
1987,27,"punishment of violences, etc. act","[1985,1990)","yr2529",55050,4070408,1352.44427585638,1960
1987,27,"battery","[1985,1990)","yr2529",1113,4070408,27.3436962584586,1960
1987,27,"frauds","[1985,1990)","yr2529",9479,4070408,232.875918089784,1960
1987,27,"murder","[1985,1990)","yr2529",151,4070408,3.70970182841622,1960
1987,27,"assault","[1985,1990)","yr2529",82,4070408,2.01454006576245,1960
1987,32,"punishment of violences, etc. act","[1985,1990)","yr3034",36424,3115238,1169.22045763438,1955
1987,32,"robbery","[1985,1990)","yr3034",279,3115238,8.95597703931449,1955
1987,32,"stolen goods","[1985,1990)","yr3034",709,3115238,22.7590957737418,1955
1987,32,"larceny","[1985,1990)","yr3034",5339,3115238,171.383374239785,1955
1987,32,"willful infliction of bodily injury","[1985,1990)","yr3034",4308,3115238,138.287989553286,1955
1987,32,"battery","[1985,1990)","yr3034",1157,3115238,37.1400194784476,1955
1987,32,"frauds","[1985,1990)","yr3034",12771,3115238,409.952626412492,1955
1987,32,"intentional property damage","[1985,1990)","yr3034",407,3115238,13.0648123835161,1955
1987,32,"murder","[1985,1990)","yr3034",108,3115238,3.46682982167013,1955
1987,32,"assault","[1985,1990)","yr3034",96,3115238,3.08162650815122,1955
1987,37,"punishment of violences, etc. act","[1985,1990)","yr3539",22383,2581181,867.161194817411,1950
1987,37,"assault","[1985,1990)","yr3539",87,2581181,3.37055014739377,1950
1987,37,"larceny","[1985,1990)","yr3539",3440,2581181,133.272327667064,1950
1987,37,"robbery","[1985,1990)","yr3539",122,2581181,4.72651859749471,1950
1987,37,"willful infliction of bodily injury","[1985,1990)","yr3539",3592,2581181,139.161104936074,1950
1987,37,"stolen goods","[1985,1990)","yr3539",594,2581181,23.0127216959988,1950
1987,37,"murder","[1985,1990)","yr3539",76,2581181,2.9443886345049,1950
1987,37,"battery","[1985,1990)","yr3539",990,2581181,38.3545361599981,1950
1987,37,"intentional property damage","[1985,1990)","yr3539",370,2581181,14.3345236153528,1950
1987,37,"frauds","[1985,1990)","yr3539",13051,2581181,505.621264064783,1950
1987,42,"willful infliction of bodily injury","[1985,1990)","yr4044",2949,2187508,134.810935548579,1945
1987,42,"punishment of violences, etc. act","[1985,1990)","yr4044",14926,2187508,682.328933197044,1945
1987,42,"stolen goods","[1985,1990)","yr4044",456,2187508,20.845638050238,1945
1987,42,"robbery","[1985,1990)","yr4044",62,2187508,2.83427534893587,1945
1987,42,"murder","[1985,1990)","yr4044",51,2187508,2.33142004509241,1945
1987,42,"larceny","[1985,1990)","yr4044",2390,2187508,109.256743289625,1945
1987,42,"frauds","[1985,1990)","yr4044",11764,2187508,537.780890401315,1945
1987,42,"intentional property damage","[1985,1990)","yr4044",330,2187508,15.0856591153038,1945
1987,42,"battery","[1985,1990)","yr4044",824,2187508,37.6684336697283,1945
1987,42,"assault","[1985,1990)","yr4044",76,2187508,3.474273008373,1945
1987,47,"robbery","[1985,1990)","yr4549",32,2089212,1.5316779723647,1940
1987,47,"murder","[1985,1990)","yr4549",32,2089212,1.5316779723647,1940
1987,47,"willful infliction of bodily injury","[1985,1990)","yr4549",2283,2089212,109.275650340894,1940
1987,47,"punishment of violences, etc. act","[1985,1990)","yr4549",9643,2089212,461.561583984775,1940
1987,47,"intentional property damage","[1985,1990)","yr4549",279,2089212,13.3543173215547,1940
1987,47,"stolen goods","[1985,1990)","yr4549",326,2089212,15.6039693434654,1940
1987,47,"larceny","[1985,1990)","yr4549",1623,2089212,77.6847921608721,1940
1987,47,"frauds","[1985,1990)","yr4549",9511,2089212,455.243412348771,1940
1987,47,"battery","[1985,1990)","yr4549",645,2089212,30.872884130476,1940
1987,47,"assault","[1985,1990)","yr4549",62,2089212,2.96762607145661,1940
1987,52,"punishment of violences, etc. act","[1985,1990)","yr5054",5633,1695259,332.27961037222,1935
1987,52,"murder","[1985,1990)","yr5054",21,1695259,1.23874876936209,1935
1987,52,"robbery","[1985,1990)","yr5054",18,1695259,1.06178465945322,1935
1987,52,"willful infliction of bodily injury","[1985,1990)","yr5054",1477,1695259,87.1253301118,1935
1987,52,"larceny","[1985,1990)","yr5054",1029,1695259,60.6986896987422,1935
1987,52,"intentional property damage","[1985,1990)","yr5054",206,1695259,12.1515355470757,1935
1987,52,"frauds","[1985,1990)","yr5054",6292,1695259,371.152726515535,1935
1987,52,"stolen goods","[1985,1990)","yr5054",210,1695259,12.3874876936209,1935
1987,52,"battery","[1985,1990)","yr5054",427,1695259,25.1878916436957,1935
1987,52,"assault","[1985,1990)","yr5054",41,1695259,2.41850950208788,1935
1987,57,"willful infliction of bodily injury","[1985,1990)","yr5559",866,1267757,68.3096208500525,1930
1987,57,"larceny","[1985,1990)","yr5559",623,1267757,49.1419096877398,1930
1987,57,"punishment of violences, etc. act","[1985,1990)","yr5559",2907,1267757,229.302618719518,1930
1987,57,"robbery","[1985,1990)","yr5559",11,1267757,0.867674167841313,1930
1987,57,"intentional property damage","[1985,1990)","yr5559",144,1267757,11.3586436517408,1930
1987,57,"murder","[1985,1990)","yr5559",15,1267757,1.18319204705634,1930
1987,57,"stolen goods","[1985,1990)","yr5559",123,1267757,9.70217478586196,1930
1987,57,"battery","[1985,1990)","yr5559",261,1267757,20.5875416187803,1930
1987,57,"frauds","[1985,1990)","yr5559",3798,1267757,299.584226314664,1930
1987,57,"assault","[1985,1990)","yr5559",24,1267757,1.89310727529014,1930
1987,62,"punishment of violences, etc. act","[1985,1990)","yr6064",2108,1006876,209.36043763085,1925
1987,62,"larceny","[1985,1990)","yr6064",498,1006876,49.4599136338536,1925
1987,62,"robbery","[1985,1990)","yr6064",15,1006876,1.48975643475463,1925
1987,62,"stolen goods","[1985,1990)","yr6064",79,1006876,7.84605055637437,1925
1987,62,"intentional property damage","[1985,1990)","yr6064",100,1006876,9.93170956503085,1925
1987,62,"murder","[1985,1990)","yr6064",11,1006876,1.09248805215339,1925
1987,62,"battery","[1985,1990)","yr6064",170,1006876,16.8839062605524,1925
1987,62,"frauds","[1985,1990)","yr6064",2389,1006876,237.268541508587,1925
1987,62,"willful infliction of bodily injury","[1985,1990)","yr6064",547,1006876,54.3264513207187,1925
1987,62,"assault","[1985,1990)","yr6064",17,1006876,1.68839062605524,1925
1992,17,"punishment of violences, etc. act","[1990,1995)","yr1519",37824,4448996,850.169341577291,1975
1992,17,"larceny","[1990,1995)","yr1519",18821,4448996,423.039265488214,1975
1992,17,"murder","[1990,1995)","yr1519",101,4448996,2.27017511366609,1975
1992,17,"battery","[1990,1995)","yr1519",269,4448996,6.04630797600178,1975
1992,17,"intentional property damage","[1990,1995)","yr1519",80,4448996,1.79815850587413,1975
1992,17,"robbery","[1990,1995)","yr1519",2629,4448996,59.0919838992887,1975
1992,17,"willful infliction of bodily injury","[1990,1995)","yr1519",972,4448996,21.8476258463707,1975
1992,17,"frauds","[1990,1995)","yr1519",1290,4448996,28.9953059072204,1975
1992,17,"assault","[1990,1995)","yr1519",9,4448996,0.20229283191084,1975
1992,17,"stolen goods","[1990,1995)","yr1519",586,4448996,13.171511055528,1975
1992,22,"larceny","[1990,1995)","yr2024",6994,4396309,159.087998591546,1970
1992,22,"intentional property damage","[1990,1995)","yr2024",217,4396309,4.93595877814776,1970
1992,22,"punishment of violences, etc. act","[1990,1995)","yr2024",49350,4396309,1122.53256083683,1970
1992,22,"willful infliction of bodily injury","[1990,1995)","yr2024",1935,4396309,44.0141946346356,1970
1992,22,"battery","[1990,1995)","yr2024",556,4396309,12.6469727218901,1970
1992,22,"murder","[1990,1995)","yr2024",135,4396309,3.07075776520713,1970
1992,22,"robbery","[1990,1995)","yr2024",1311,4396309,29.8204698532337,1970
1992,22,"assault","[1990,1995)","yr2024",27,4396309,0.614151553041426,1970
1992,22,"frauds","[1990,1995)","yr2024",6707,4396309,152.559795046254,1970
1992,22,"stolen goods","[1990,1995)","yr2024",222,4396309,5.04969054722951,1970
1992,27,"larceny","[1990,1995)","yr2529",5357,4333500,123.618322372216,1965
1992,27,"punishment of violences, etc. act","[1990,1995)","yr2529",55337,4333500,1276.95857851621,1965
1992,27,"battery","[1990,1995)","yr2529",874,4333500,20.1684550594208,1965
1992,27,"intentional property damage","[1990,1995)","yr2529",433,4333500,9.99192338756202,1965
1992,27,"murder","[1990,1995)","yr2529",148,4333500,3.41525325949002,1965
1992,27,"robbery","[1990,1995)","yr2529",687,4333500,15.8532364139841,1965
1992,27,"willful infliction of bodily injury","[1990,1995)","yr2529",3875,4333500,89.4196377062421,1965
1992,27,"frauds","[1990,1995)","yr2529",16034,4333500,370.001153801777,1965
1992,27,"stolen goods","[1990,1995)","yr2529",305,4333500,7.03819083881389,1965
1992,27,"assault","[1990,1995)","yr2529",73,4333500,1.68455059420792,1965
1992,32,"battery","[1990,1995)","yr3034",1188,4207714,28.2338580996712,1960
1992,32,"punishment of violences, etc. act","[1990,1995)","yr3034",48257,4207714,1146.86977299313,1960
1992,32,"assault","[1990,1995)","yr3034",110,4207714,2.61424612033993,1960
1992,32,"larceny","[1990,1995)","yr3034",4142,4207714,98.4382493677089,1960
1992,32,"murder","[1990,1995)","yr3034",138,4207714,3.27969058733555,1960
1992,32,"willful infliction of bodily injury","[1990,1995)","yr3034",5318,4207714,126.386916981525,1960
1992,32,"stolen goods","[1990,1995)","yr3034",382,4207714,9.07856379972593,1960
1992,32,"intentional property damage","[1990,1995)","yr3034",623,4207714,14.8061393906525,1960
1992,32,"robbery","[1990,1995)","yr3034",372,4207714,8.84090506151321,1960
1992,32,"frauds","[1990,1995)","yr3034",24416,4207714,580.267575220179,1960
1992,37,"larceny","[1990,1995)","yr3539",2856,3201210,89.2162650997592,1955
1992,37,"willful infliction of bodily injury","[1990,1995)","yr3539",4923,3201210,153.785599820068,1955
1992,37,"battery","[1990,1995)","yr3539",1136,3201210,35.4865816363188,1955
1992,37,"murder","[1990,1995)","yr3539",104,3201210,3.24877155825454,1955
1992,37,"punishment of violences, etc. act","[1990,1995)","yr3539",34702,3201210,1084.02760206297,1955
1992,37,"stolen goods","[1990,1995)","yr3539",347,3201210,10.8396512568685,1955
1992,37,"assault","[1990,1995)","yr3539",110,3201210,3.43620068661537,1955
1992,37,"intentional property damage","[1990,1995)","yr3539",635,3201210,19.8362494181887,1955
1992,37,"robbery","[1990,1995)","yr3539",184,3201210,5.74782660306572,1955
1992,37,"frauds","[1990,1995)","yr3539",24503,3201210,765.429322037604,1955
1992,42,"robbery","[1990,1995)","yr4044",93,2539269,3.66247136479042,1950
1992,42,"willful infliction of bodily injury","[1990,1995)","yr4044",3790,2539269,149.255553468341,1950
1992,42,"intentional property damage","[1990,1995)","yr4044",533,2539269,20.9902928756268,1950
1992,42,"larceny","[1990,1995)","yr4044",1905,2539269,75.0215908594166,1950
1992,42,"assault","[1990,1995)","yr4044",91,2539269,3.58370853974116,1950
1992,42,"battery","[1990,1995)","yr4044",895,2539269,35.2463642095422,1950
1992,42,"frauds","[1990,1995)","yr4044",19034,2539269,749.585805993772,1950
1992,42,"stolen goods","[1990,1995)","yr4044",257,2539269,10.1210230188294,1950
1992,42,"punishment of violences, etc. act","[1990,1995)","yr4044",22249,2539269,876.197047260452,1950
1992,42,"murder","[1990,1995)","yr4044",71,2539269,2.7960802892486,1950
1992,47,"frauds","[1990,1995)","yr4549",13376,2176890,614.454565917433,1945
1992,47,"willful infliction of bodily injury","[1990,1995)","yr4549",2765,2176890,127.016064201682,1945
1992,47,"battery","[1990,1995)","yr4549",664,2176890,30.5022302459013,1945
1992,47,"robbery","[1990,1995)","yr4549",43,2176890,1.97529503098457,1945
1992,47,"assault","[1990,1995)","yr4549",70,2176890,3.2155965620679,1945
1992,47,"punishment of violences, etc. act","[1990,1995)","yr4549",13410,2176890,616.016427104723,1945
1992,47,"intentional property damage","[1990,1995)","yr4549",420,2176890,19.2935793724074,1945
1992,47,"stolen goods","[1990,1995)","yr4549",175,2176890,8.03899140516976,1945
1992,47,"murder","[1990,1995)","yr4549",47,2176890,2.15904340595988,1945
1992,47,"larceny","[1990,1995)","yr4549",1246,2176890,57.2376188048087,1945
1992,52,"battery","[1990,1995)","yr5054",485,2010018,24.1291371520056,1940
1992,52,"assault","[1990,1995)","yr5054",52,2010018,2.58704150908101,1940
1992,52,"intentional property damage","[1990,1995)","yr5054",324,2010018,16.1192586335048,1940
1992,52,"willful infliction of bodily injury","[1990,1995)","yr5054",1993,2010018,99.153340915355,1940
1992,52,"stolen goods","[1990,1995)","yr5054",116,2010018,5.77109259718072,1940
1992,52,"frauds","[1990,1995)","yr5054",9008,2010018,448.155190650034,1940
1992,52,"robbery","[1990,1995)","yr5054",26,2010018,1.29352075454051,1940
1992,52,"murder","[1990,1995)","yr5054",31,2010018,1.5422747457983,1940
1992,52,"punishment of violences, etc. act","[1990,1995)","yr5054",8322,2010018,414.026143049465,1940
1992,52,"larceny","[1990,1995)","yr5054",845,2010018,42.0394245225665,1940
1992,57,"battery","[1990,1995)","yr5559",325,1622853,20.0264595745887,1935
1992,57,"assault","[1990,1995)","yr5559",35,1622853,2.15669564649417,1935
1992,57,"robbery","[1990,1995)","yr5559",13,1622853,0.801058382983548,1935
1992,57,"willful infliction of bodily injury","[1990,1995)","yr5559",1314,1622853,80.9685165569525,1935
1992,57,"murder","[1990,1995)","yr5559",19,1622853,1.17077763666826,1935
1992,57,"frauds","[1990,1995)","yr5559",5432,1622853,334.719164335895,1935
1992,57,"intentional property damage","[1990,1995)","yr5559",232,1622853,14.2958111424756,1935
1992,57,"stolen goods","[1990,1995)","yr5559",69,1622853,4.25177141737422,1935
1992,57,"punishment of violences, etc. act","[1990,1995)","yr5559",4473,1622853,275.625703621955,1935
1992,57,"larceny","[1990,1995)","yr5559",523,1622853,32.2271949461843,1935
1992,62,"willful infliction of bodily injury","[1990,1995)","yr6064",773,1157059,66.8073106038672,1930
1992,62,"assault","[1990,1995)","yr6064",21,1157059,1.81494634240778,1930
1992,62,"robbery","[1990,1995)","yr6064",8,1157059,0.691408130441058,1930
1992,62,"stolen goods","[1990,1995)","yr6064",41,1157059,3.54346666851042,1930
1992,62,"punishment of violences, etc. act","[1990,1995)","yr6064",2483,1157059,214.595798485643,1930
1992,62,"battery","[1990,1995)","yr6064",192,1157059,16.5937951305854,1930
1992,62,"larceny","[1990,1995)","yr6064",321,1157059,27.7427512339474,1930
1992,62,"murder","[1990,1995)","yr6064",14,1157059,1.20996422827185,1930
1992,62,"intentional property damage","[1990,1995)","yr6064",148,1157059,12.7910504131596,1930
1992,62,"frauds","[1990,1995)","yr6064",3046,1157059,263.253645665433,1930
1997,17,"stolen goods","[1995,2000)","yr1519",578,3863491,14.9605628691771,1980
1997,17,"punishment of violences, etc. act","[1995,2000)","yr1519",44607,3863491,1154.57755692973,1980
1997,17,"willful infliction of bodily injury","[1995,2000)","yr1519",1261,3863491,32.6388750484989,1980
1997,17,"intentional property damage","[1995,2000)","yr1519",90,3863491,2.3294994086954,1980
1997,17,"larceny","[1995,2000)","yr1519",25075,3863491,649.024418589302,1980
1997,17,"robbery","[1995,2000)","yr1519",2737,3863491,70.8426653511034,1980
1997,17,"frauds","[1995,2000)","yr1519",2353,3863491,60.9034678740031,1980
1997,17,"murder","[1995,2000)","yr1519",54,3863491,1.39769964521724,1980
1997,17,"battery","[1995,2000)","yr1519",473,3863491,12.2428135590325,1980
1997,17,"assault","[1995,2000)","yr1519",14,3863491,0.362366574685951,1980
1997,22,"stolen goods","[1995,2000)","yr2024",153,4304378,3.55452053699745,1975
1997,22,"willful infliction of bodily injury","[1995,2000)","yr2024",1843,4304378,42.8168715665771,1975
1997,22,"battery","[1995,2000)","yr2024",542,4304378,12.5918309219125,1975
1997,22,"punishment of violences, etc. act","[1995,2000)","yr2024",41634,4304378,967.247764950011,1975
1997,22,"robbery","[1995,2000)","yr2024",1086,4304378,25.2301261645701,1975
1997,22,"assault","[1995,2000)","yr2024",28,4304378,0.650500490430906,1975
1997,22,"larceny","[1995,2000)","yr2024",5324,4304378,123.688021823362,1975
1997,22,"murder","[1995,2000)","yr2024",91,4304378,2.11412659390044,1975
1997,22,"frauds","[1995,2000)","yr2024",15108,4304378,350.991478908219,1975
1997,22,"intentional property damage","[1995,2000)","yr2024",193,4304378,4.48380695189874,1975
1997,27,"murder","[1995,2000)","yr2529",133,4137913,3.21418067513744,1970
1997,27,"robbery","[1995,2000)","yr2529",713,4137913,17.2309084313759,1970
1997,27,"intentional property damage","[1995,2000)","yr2529",387,4137913,9.35254076149015,1970
1997,27,"frauds","[1995,2000)","yr2529",29704,4137913,717.849795295358,1970
1997,27,"willful infliction of bodily injury","[1995,2000)","yr2529",3695,4137913,89.2962225160365,1970
1997,27,"punishment of violences, etc. act","[1995,2000)","yr2529",51468,4137913,1243.81542096221,1970
1997,27,"battery","[1995,2000)","yr2529",1074,4137913,25.9551131210347,1970
1997,27,"stolen goods","[1995,2000)","yr2529",258,4137913,6.23502717432677,1970
1997,27,"larceny","[1995,2000)","yr2529",4859,4137913,117.426345116487,1970
1997,27,"assault","[1995,2000)","yr2529",82,4137913,1.9816753034682,1970
1997,32,"punishment of violences, etc. act","[1995,2000)","yr3034",49620,4230239,1172.98337044314,1965
1997,32,"willful infliction of bodily injury","[1995,2000)","yr3034",5274,4230239,124.673806846374,1965
1997,32,"murder","[1995,2000)","yr3034",153,4230239,3.61681692216445,1965
1997,32,"frauds","[1995,2000)","yr3034",42574,4230239,1006.42067741326,1965
1997,32,"stolen goods","[1995,2000)","yr3034",366,4230239,8.65199342164828,1965
1997,32,"intentional property damage","[1995,2000)","yr3034",618,4230239,14.6091036463897,1965
1997,32,"assault","[1995,2000)","yr3034",123,4230239,2.90763713350475,1965
1997,32,"robbery","[1995,2000)","yr3034",428,4230239,10.117631651545,1965
1997,32,"larceny","[1995,2000)","yr3034",3925,4230239,92.7843556829768,1965
1997,32,"battery","[1995,2000)","yr3034",1512,4230239,35.7426613484486,1965
1997,37,"stolen goods","[1995,2000)","yr3539",414,4133864,10.0148432556078,1960
1997,37,"punishment of violences, etc. act","[1995,2000)","yr3539",48885,4133864,1182.54978876905,1960
1997,37,"willful infliction of bodily injury","[1995,2000)","yr3539",6491,4133864,157.020163217755,1960
1997,37,"larceny","[1995,2000)","yr3539",3409,4133864,82.465218981563,1960
1997,37,"murder","[1995,2000)","yr3539",150,4133864,3.62856639695936,1960
1997,37,"robbery","[1995,2000)","yr3539",250,4133864,6.04761066159893,1960
1997,37,"intentional property damage","[1995,2000)","yr3539",827,4133864,20.0054960685693,1960
1997,37,"frauds","[1995,2000)","yr3539",50157,4133864,1213.32003181527,1960
1997,37,"battery","[1995,2000)","yr3539",1903,4133864,46.0344123560911,1960
1997,37,"assault","[1995,2000)","yr3539",167,4133864,4.03980392194809,1960
1997,42,"punishment of violences, etc. act","[1995,2000)","yr4044",36121,3071101,1176.15799675751,1955
1997,42,"larceny","[1995,2000)","yr4044",2475,3071101,80.5899903650189,1955
1997,42,"intentional property damage","[1995,2000)","yr4044",726,3071101,23.6397305070722,1955
1997,42,"murder","[1995,2000)","yr4044",111,3071101,3.61433896182509,1955
1997,42,"frauds","[1995,2000)","yr4044",40660,3071101,1323.95515484512,1955
1997,42,"robbery","[1995,2000)","yr4044",138,3071101,4.49350249307984,1955
1997,42,"willful infliction of bodily injury","[1995,2000)","yr4044",5537,3071101,180.293647131762,1955
1997,42,"assault","[1995,2000)","yr4044",149,3071101,4.85168022803548,1955
1997,42,"stolen goods","[1995,2000)","yr4044",335,3071101,10.9081401100127,1955
1997,42,"battery","[1995,2000)","yr4044",1674,3071101,54.5081389377946,1955
1997,47,"stolen goods","[1995,2000)","yr4549",233,2464295,9.45503683609308,1950
1997,47,"larceny","[1995,2000)","yr4549",1590,2464295,64.5214960059571,1950
1997,47,"punishment of violences, etc. act","[1995,2000)","yr4549",22424,2464295,909.955991470177,1950
1997,47,"willful infliction of bodily injury","[1995,2000)","yr4549",4075,2464295,165.361695738538,1950
1997,47,"battery","[1995,2000)","yr4549",1265,2464295,51.3331399041105,1950
1997,47,"murder","[1995,2000)","yr4549",71,2464295,2.88114856378802,1950
1997,47,"robbery","[1995,2000)","yr4549",68,2464295,2.75940989207867,1950
1997,47,"assault","[1995,2000)","yr4549",112,2464295,4.54491041048251,1950
1997,47,"intentional property damage","[1995,2000)","yr4549",550,2464295,22.318756480048,1950
1997,47,"frauds","[1995,2000)","yr4549",27865,2464295,1130.74936239371,1950
1997,52,"stolen goods","[1995,2000)","yr5054",149,2063768,7.21980377639347,1945
1997,52,"punishment of violences, etc. act","[1995,2000)","yr5054",13408,2063768,649.685429757608,1945
1997,52,"battery","[1995,2000)","yr5054",895,2063768,43.3672777172628,1945
1997,52,"larceny","[1995,2000)","yr5054",1040,2063768,50.3932612580484,1945
1997,52,"murder","[1995,2000)","yr5054",46,2063768,2.2289327094906,1945
1997,52,"assault","[1995,2000)","yr5054",79,2063768,3.8279496532556,1945
1997,52,"willful infliction of bodily injury","[1995,2000)","yr5054",2884,2063768,139.74438987328,1945
1997,52,"intentional property damage","[1995,2000)","yr5054",416,2063768,20.1573045032194,1945
1997,52,"robbery","[1995,2000)","yr5054",39,2063768,1.88974729717681,1945
1997,52,"frauds","[1995,2000)","yr5054",17912,2063768,867.927015052079,1945
1997,57,"battery","[1995,2000)","yr5559",578,1913461,30.207043676354,1940
1997,57,"willful infliction of bodily injury","[1995,2000)","yr5559",1864,1913461,97.4151027901797,1940
1997,57,"robbery","[1995,2000)","yr5559",19,1913461,0.992965103547969,1940
1997,57,"stolen goods","[1995,2000)","yr5559",84,1913461,4.38995098410681,1940
1997,57,"punishment of violences, etc. act","[1995,2000)","yr5559",6708,1913461,350.568942873672,1940
1997,57,"assault","[1995,2000)","yr5559",50,1913461,2.61306606196834,1940
1997,57,"frauds","[1995,2000)","yr5559",10082,1913461,526.898640735296,1940
1997,57,"larceny","[1995,2000)","yr5559",606,1913461,31.6703606710563,1940
1997,57,"murder","[1995,2000)","yr5559",27,1913461,1.4110556734629,1940
1997,57,"intentional property damage","[1995,2000)","yr5559",292,1913461,15.2603058018951,1940
1997,62,"willful infliction of bodily injury","[1995,2000)","yr6064",1100,1495082,73.5745597900316,1935
1997,62,"intentional property damage","[1995,2000)","yr6064",185,1495082,12.3739032374144,1935
1997,62,"frauds","[1995,2000)","yr6064",5438,1495082,363.725869216538,1935
1997,62,"punishment of violences, etc. act","[1995,2000)","yr6064",3481,1495082,232.830038753727,1935
1997,62,"assault","[1995,2000)","yr6064",30,1495082,2.0065789033645,1935
1997,62,"battery","[1995,2000)","yr6064",341,1495082,22.8081135349098,1935
1997,62,"stolen goods","[1995,2000)","yr6064",44,1495082,2.94298239160126,1935
1997,62,"murder","[1995,2000)","yr6064",16,1495082,1.07017541512773,1935
1997,62,"robbery","[1995,2000)","yr6064",9,1495082,0.601973671009349,1935
1997,62,"larceny","[1995,2000)","yr6064",348,1495082,23.2763152790282,1935
2002,17,"stolen goods","[2000,2005)","yr1519",277,3691584,7.5035540299232,1985
2002,17,"willful infliction of bodily injury","[2000,2005)","yr1519",1136,3691584,30.7726981154973,1985
2002,17,"murder","[2000,2005)","yr1519",34,3691584,0.921013852048335,1985
2002,17,"frauds","[2000,2005)","yr1519",5776,3691584,156.464000277388,1985
2002,17,"battery","[2000,2005)","yr1519",591,3691584,16.0093878400166,1985
2002,17,"robbery","[2000,2005)","yr1519",1386,3691584,37.5448587923233,1985
2002,17,"intentional property damage","[2000,2005)","yr1519",112,3691584,3.03392798321804,1985
2002,17,"punishment of violences, etc. act","[2000,2005)","yr1519",33703,3691584,912.968525164265,1985
2002,17,"assault","[2000,2005)","yr1519",17,3691584,0.460506926024167,1985
2002,17,"larceny","[2000,2005)","yr1519",19508,3691584,528.445241934086,1985
2002,22,"battery","[2000,2005)","yr2024",1129,3848186,29.3384987108212,1980
2002,22,"intentional property damage","[2000,2005)","yr2024",308,3848186,8.00377112748708,1980
2002,22,"larceny","[2000,2005)","yr2024",6038,3848186,156.90509762262,1980
2002,22,"assault","[2000,2005)","yr2024",54,3848186,1.40325857429968,1980
2002,22,"frauds","[2000,2005)","yr2024",18628,3848186,484.072235593602,1980
2002,22,"willful infliction of bodily injury","[2000,2005)","yr2024",2199,3848186,57.1438074978704,1980
2002,22,"punishment of violences, etc. act","[2000,2005)","yr2024",44797,3848186,1164.10693246116,1980
2002,22,"robbery","[2000,2005)","yr2024",816,3848186,21.2047962338619,1980
2002,22,"stolen goods","[2000,2005)","yr2024",131,3848186,3.40420135617145,1980
2002,22,"murder","[2000,2005)","yr2024",69,3848186,1.79305262271626,1980
2002,27,"willful infliction of bodily injury","[2000,2005)","yr2529",3437,4096978,83.891102173358,1975
2002,27,"larceny","[2000,2005)","yr2529",5155,4096978,125.824449142758,1975
2002,27,"robbery","[2000,2005)","yr2529",638,4096978,15.5724536475422,1975
2002,27,"battery","[2000,2005)","yr2529",1784,4096978,43.5442904501806,1975
2002,27,"intentional property damage","[2000,2005)","yr2529",482,4096978,11.7647690566071,1975
2002,27,"murder","[2000,2005)","yr2529",97,4096978,2.36759875205578,1975
2002,27,"stolen goods","[2000,2005)","yr2529",193,4096978,4.71078926955429,1975
2002,27,"punishment of violences, etc. act","[2000,2005)","yr2529",50486,4096978,1232.27412985864,1975
2002,27,"frauds","[2000,2005)","yr2529",25181,4096978,614.62375438677,1975
2002,27,"assault","[2000,2005)","yr2529",119,4096978,2.90457991231586,1975
2002,32,"larceny","[2000,2005)","yr3034",4801,4093228,117.291291860605,1970
2002,32,"punishment of violences, etc. act","[2000,2005)","yr3034",53204,4093228,1299.80543473269,1970
2002,32,"willful infliction of bodily injury","[2000,2005)","yr3034",4970,4093228,121.420062600959,1970
2002,32,"intentional property damage","[2000,2005)","yr3034",757,4093228,18.4939612452568,1970
2002,32,"murder","[2000,2005)","yr3034",135,4093228,3.29813047306429,1970
2002,32,"robbery","[2000,2005)","yr3034",500,4093228,12.2152980483863,1970
2002,32,"stolen goods","[2000,2005)","yr3034",285,4093228,6.96271988758017,1970
2002,32,"battery","[2000,2005)","yr3034",2458,4093228,60.0504052058669,1970
2002,32,"frauds","[2000,2005)","yr3034",33264,4093228,812.659348563041,1970
2002,32,"assault","[2000,2005)","yr3034",187,4093228,4.56852147009646,1970
2002,37,"punishment of violences, etc. act","[2000,2005)","yr3539",57159,4186953,1365.16937257237,1965
2002,37,"murder","[2000,2005)","yr3539",162,4186953,3.86916213294011,1965
2002,37,"robbery","[2000,2005)","yr3539",378,4186953,9.02804497686026,1965
2002,37,"larceny","[2000,2005)","yr3539",4422,4186953,105.613795999143,1965
2002,37,"willful infliction of bodily injury","[2000,2005)","yr3539",6376,4186953,152.282578763124,1965
2002,37,"battery","[2000,2005)","yr3539",3128,4186953,74.7082663693622,1965
2002,37,"intentional property damage","[2000,2005)","yr3539",1033,4186953,24.6718795267107,1965
2002,37,"assault","[2000,2005)","yr3539",255,4186953,6.09034780185018,1965
2002,37,"stolen goods","[2000,2005)","yr3539",337,4186953,8.04881258519023,1965
2002,37,"frauds","[2000,2005)","yr3539",38362,4186953,916.227146566967,1965
2002,42,"murder","[2000,2005)","yr4044",151,3996336,3.77846107034043,1960
2002,42,"intentional property damage","[2000,2005)","yr4044",1085,3996336,27.1498692802607,1960
2002,42,"punishment of violences, etc. act","[2000,2005)","yr4044",51143,3996336,1279.74724847961,1960
2002,42,"frauds","[2000,2005)","yr4044",36328,3996336,909.032673929319,1960
2002,42,"willful infliction of bodily injury","[2000,2005)","yr4044",6690,3996336,167.403341460778,1960
2002,42,"stolen goods","[2000,2005)","yr4044",309,3996336,7.73208258765029,1960
2002,42,"larceny","[2000,2005)","yr4044",3789,3996336,94.8118476524496,1960
2002,42,"assault","[2000,2005)","yr4044",263,3996336,6.58102822185122,1960
2002,42,"robbery","[2000,2005)","yr4044",252,3996336,6.30577609089926,1960
2002,42,"battery","[2000,2005)","yr4044",3325,3996336,83.2012123104764,1960
2002,47,"frauds","[2000,2005)","yr4549",29504,2952023,999.450207535646,1955
2002,47,"punishment of violences, etc. act","[2000,2005)","yr4549",38995,2952023,1320.95854266718,1955
2002,47,"murder","[2000,2005)","yr4549",118,2952023,3.99725882894544,1955
2002,47,"assault","[2000,2005)","yr4549",225,2952023,7.62189183485359,1955
2002,47,"willful infliction of bodily injury","[2000,2005)","yr4549",5916,2952023,200.404942644417,1955
2002,47,"larceny","[2000,2005)","yr4549",2946,2952023,99.7959704243497,1955
2002,47,"intentional property damage","[2000,2005)","yr4549",952,2952023,32.2490712301361,1955
2002,47,"robbery","[2000,2005)","yr4549",149,2952023,5.04738614841416,1955
2002,47,"stolen goods","[2000,2005)","yr4549",246,2952023,8.33326840610659,1955
2002,47,"battery","[2000,2005)","yr4549",2960,2952023,100.270221471852,1955
2002,52,"punishment of violences, etc. act","[2000,2005)","yr5054",22737,2350250,967.428996915222,1950
2002,52,"murder","[2000,2005)","yr5054",72,2350250,3.06350388256568,1950
2002,52,"frauds","[2000,2005)","yr5054",18585,2350250,790.766939687267,1950
2002,52,"willful infliction of bodily injury","[2000,2005)","yr5054",4022,2350250,171.130730773322,1950
2002,52,"larceny","[2000,2005)","yr5054",1898,2350250,80.7573662376343,1950
2002,52,"intentional property damage","[2000,2005)","yr5054",651,2350250,27.6991809381981,1950
2002,52,"assault","[2000,2005)","yr5054",151,2350250,6.42484842038081,1950
2002,52,"robbery","[2000,2005)","yr5054",80,2350250,3.40389320285076,1950
2002,52,"battery","[2000,2005)","yr5054",1991,2350250,84.7143920859483,1950
2002,52,"stolen goods","[2000,2005)","yr5054",165,2350250,7.02052973087969,1950
2002,57,"larceny","[2000,2005)","yr5559",1106,1968472,56.1857115569843,1945
2002,57,"intentional property damage","[2000,2005)","yr5559",415,1968472,21.0823420399173,1945
2002,57,"punishment of violences, etc. act","[2000,2005)","yr5559",10973,1968472,557.437443865089,1945
2002,57,"willful infliction of bodily injury","[2000,2005)","yr5559",2542,1968472,129.135695097517,1945
2002,57,"battery","[2000,2005)","yr5559",1231,1968472,62.5358145810558,1945
2002,57,"murder","[2000,2005)","yr5559",40,1968472,2.03203296770287,1945
2002,57,"assault","[2000,2005)","yr5559",92,1968472,4.6736758257166,1945
2002,57,"robbery","[2000,2005)","yr5559",32,1968472,1.62562637416229,1945
2002,57,"stolen goods","[2000,2005)","yr5559",98,1968472,4.97848077087203,1945
2002,57,"frauds","[2000,2005)","yr5559",10285,1968472,522.4864768206,1945
2002,62,"larceny","[2000,2005)","yr6064",697,1788849,38.9636017349704,1940
2002,62,"punishment of violences, etc. act","[2000,2005)","yr6064",5944,1788849,332.280701165945,1940
2002,62,"robbery","[2000,2005)","yr6064",17,1788849,0.950331749633423,1940
2002,62,"battery","[2000,2005)","yr6064",787,1788849,43.994769821265,1940
2002,62,"intentional property damage","[2000,2005)","yr6064",278,1788849,15.5407191998878,1940
2002,62,"murder","[2000,2005)","yr6064",26,1788849,1.45344855826288,1940
2002,62,"stolen goods","[2000,2005)","yr6064",55,1788849,3.07460271940225,1940
2002,62,"frauds","[2000,2005)","yr6064",5917,1788849,330.771350740057,1940
2002,62,"willful infliction of bodily injury","[2000,2005)","yr6064",1680,1788849,93.9151376108324,1940
2002,62,"assault","[2000,2005)","yr6064",57,1788849,3.18640645465324,1940
2007,17,"larceny","[2005,2010)","yr1519",24331,3100523,784.738574750131,1990
2007,17,"intentional property damage","[2005,2010)","yr1519",425,3100523,13.707364854252,1990
2007,17,"murder","[2005,2010)","yr1519",19,3100523,0.612799840543031,1990
2007,17,"punishment of violences, etc. act","[2005,2010)","yr1519",16890,3100523,544.746805619568,1990
2007,17,"frauds","[2005,2010)","yr1519",4107,3100523,132.461523426854,1990
2007,17,"willful infliction of bodily injury","[2005,2010)","yr1519",2521,3100523,81.3088630531043,1990
2007,17,"stolen goods","[2005,2010)","yr1519",395,3100523,12.7397861586577,1990
2007,17,"battery","[2005,2010)","yr1519",2579,3100523,83.1795151979198,1990
2007,17,"assault","[2005,2010)","yr1519",43,3100523,1.38686279701844,1990
2007,17,"robbery","[2005,2010)","yr1519",931,3100523,30.0271921866085,1990
2007,22,"intentional property damage","[2005,2010)","yr2024",1218,3662123,33.2593962573076,1985
2007,22,"larceny","[2005,2010)","yr2024",5926,3662123,161.818704614782,1985
2007,22,"robbery","[2005,2010)","yr2024",407,3662123,11.1137719841742,1985
2007,22,"battery","[2005,2010)","yr2024",5568,3662123,152.04295431912,1985
2007,22,"frauds","[2005,2010)","yr2024",13078,3662123,357.115258007445,1985
2007,22,"willful infliction of bodily injury","[2005,2010)","yr2024",5214,3662123,142.376430283745,1985
2007,22,"murder","[2005,2010)","yr2024",43,3662123,1.17418229808229,1985
2007,22,"punishment of violences, etc. act","[2005,2010)","yr2024",16059,3662123,438.516128486127,1985
2007,22,"assault","[2005,2010)","yr2024",69,3662123,1.884152989946,1985
2007,22,"stolen goods","[2005,2010)","yr2024",169,3662123,4.61480949711411,1985
2007,27,"frauds","[2005,2010)","yr2529",21561,3671847,587.197669183928,1980
2007,27,"robbery","[2005,2010)","yr2529",515,3671847,14.0256388678504,1980
2007,27,"punishment of violences, etc. act","[2005,2010)","yr2529",19434,3671847,529.270418947195,1980
2007,27,"battery","[2005,2010)","yr2529",9611,3671847,261.748378949341,1980
2007,27,"assault","[2005,2010)","yr2529",181,3671847,4.92939929141928,1980
2007,27,"intentional property damage","[2005,2010)","yr2529",2399,3671847,65.3349662989771,1980
2007,27,"larceny","[2005,2010)","yr2529",6328,3671847,172.338335448073,1980
2007,27,"murder","[2005,2010)","yr2529",75,3671847,2.04256876716268,1980
2007,27,"willful infliction of bodily injury","[2005,2010)","yr2529",9013,3671847,245.462297312497,1980
2007,27,"stolen goods","[2005,2010)","yr2529",242,3671847,6.59068855537826,1980
2007,32,"willful infliction of bodily injury","[2005,2010)","yr3034",9838,4096282,240.169011801434,1975
2007,32,"battery","[2005,2010)","yr3034",10801,4096282,263.678135440871,1975
2007,32,"stolen goods","[2005,2010)","yr3034",303,4096282,7.3969516747138,1975
2007,32,"punishment of violences, etc. act","[2005,2010)","yr3034",16545,4096282,403.902856297491,1975
2007,32,"assault","[2005,2010)","yr3034",266,4096282,6.49369354941872,1975
2007,32,"larceny","[2005,2010)","yr3034",5638,4096282,137.637008389559,1975
2007,32,"murder","[2005,2010)","yr3034",93,4096282,2.27035150412008,1975
2007,32,"robbery","[2005,2010)","yr3034",406,4096282,9.9114269964812,1975
2007,32,"frauds","[2005,2010)","yr3034",27048,4096282,660.306101972472,1975
2007,32,"intentional property damage","[2005,2010)","yr3034",2795,4096282,68.232607032426,1975
2007,37,"willful infliction of bodily injury","[2005,2010)","yr3539",12501,4112785,303.95461955828,1970
2007,37,"stolen goods","[2005,2010)","yr3539",376,4112785,9.14222357842678,1970
2007,37,"punishment of violences, etc. act","[2005,2010)","yr3539",17484,4112785,425.113396396845,1970
2007,37,"assault","[2005,2010)","yr3539",424,4112785,10.3093159501408,1970
2007,37,"larceny","[2005,2010)","yr3539",5862,4112785,142.531155895579,1970
2007,37,"robbery","[2005,2010)","yr3539",356,4112785,8.65593509021259,1970
2007,37,"intentional property damage","[2005,2010)","yr3539",3656,4112785,88.893535645554,1970
2007,37,"murder","[2005,2010)","yr3539",132,4112785,3.20950402221366,1970
2007,37,"battery","[2005,2010)","yr3539",13851,4112785,336.779092512738,1970
2007,37,"frauds","[2005,2010)","yr3539",34889,4112785,848.305953265245,1970
2007,42,"punishment of violences, etc. act","[2005,2010)","yr4044",17669,4123041,428.542912864558,1965
2007,42,"robbery","[2005,2010)","yr4044",291,4123041,7.05789731414264,1965
2007,42,"willful infliction of bodily injury","[2005,2010)","yr4044",14459,4123041,350.687756925046,1965
2007,42,"larceny","[2005,2010)","yr4044",5877,4123041,142.540421014489,1965
2007,42,"stolen goods","[2005,2010)","yr4044",432,4123041,10.4777032292427,1965
2007,42,"intentional property damage","[2005,2010)","yr4044",4005,4123041,97.1370403544374,1965
2007,42,"murder","[2005,2010)","yr4044",154,4123041,3.73510716968374,1965
2007,42,"battery","[2005,2010)","yr4044",16284,4123041,394.951202280065,1965
2007,42,"frauds","[2005,2010)","yr4044",38868,4123041,942.702243319918,1965
2007,42,"assault","[2005,2010)","yr4044",539,4123041,13.0728750938931,1965
2007,47,"robbery","[2005,2010)","yr4549",210,3900899,5.38337444778755,1960
2007,47,"punishment of violences, etc. act","[2005,2010)","yr4549",15250,3900899,390.935525375048,1960
2007,47,"murder","[2005,2010)","yr4549",145,3900899,3.71709188061521,1960
2007,47,"willful infliction of bodily injury","[2005,2010)","yr4549",13731,3900899,351.995783536052,1960
2007,47,"larceny","[2005,2010)","yr4549",5216,3900899,133.712767236475,1960
2007,47,"intentional property damage","[2005,2010)","yr4549",3583,3900899,91.8506221258228,1960
2007,47,"stolen goods","[2005,2010)","yr4549",420,3900899,10.7667488955751,1960
2007,47,"battery","[2005,2010)","yr4549",15648,3900899,401.138301709426,1960
2007,47,"frauds","[2005,2010)","yr4549",35960,3900899,921.838786392573,1960
2007,47,"assault","[2005,2010)","yr4549",528,3900899,13.535341468723,1960
2007,52,"willful infliction of bodily injury","[2005,2010)","yr5054",9632,2855297,337.337937174311,1955
2007,52,"punishment of violences, etc. act","[2005,2010)","yr5054",9728,2855297,340.700109305617,1955
2007,52,"robbery","[2005,2010)","yr5054",123,2855297,4.30778304323508,1955
2007,52,"larceny","[2005,2010)","yr5054",3778,2855297,132.315482417416,1955
2007,52,"murder","[2005,2010)","yr5054",100,2855297,3.50226263677649,1955
2007,52,"frauds","[2005,2010)","yr5054",25014,2855297,876.055975963271,1955
2007,52,"stolen goods","[2005,2010)","yr5054",320,2855297,11.2072404376848,1955
2007,52,"intentional property damage","[2005,2010)","yr5054",2344,2855297,82.0930362060409,1955
2007,52,"battery","[2005,2010)","yr5054",11046,2855297,386.859930858331,1955
2007,52,"assault","[2005,2010)","yr5054",361,2855297,12.6431681187631,1955
2007,57,"willful infliction of bodily injury","[2005,2010)","yr5559",6185,2278438,271.457902299733,1950
2007,57,"punishment of violences, etc. act","[2005,2010)","yr5559",5457,2278438,239.50618801126,1950
2007,57,"robbery","[2005,2010)","yr5559",60,2278438,2.63338304575327,1950
2007,57,"stolen goods","[2005,2010)","yr5559",225,2278438,9.87518642157478,1950
2007,57,"larceny","[2005,2010)","yr5559",2560,2278438,112.357676618806,1950
2007,57,"murder","[2005,2010)","yr5559",64,2278438,2.80894191547016,1950
2007,57,"intentional property damage","[2005,2010)","yr5559",1372,2278438,60.2166923128916,1950
2007,57,"frauds","[2005,2010)","yr5559",15710,2278438,689.507460813066,1950
2007,57,"battery","[2005,2010)","yr5559",7074,2278438,310.475861094311,1950
2007,57,"assault","[2005,2010)","yr5559",224,2278438,9.83129670414556,1950
2007,62,"punishment of violences, etc. act","[2005,2010)","yr6064",3066,1888853,162.320731152715,1945
2007,62,"murder","[2005,2010)","yr6064",42,1888853,2.22357165962624,1945
2007,62,"robbery","[2005,2010)","yr6064",33,1888853,1.74709201827776,1945
2007,62,"intentional property damage","[2005,2010)","yr6064",804,1888853,42.5655146271309,1945
2007,62,"stolen goods","[2005,2010)","yr6064",134,1888853,7.09425243785514,1945
2007,62,"larceny","[2005,2010)","yr6064",1671,1888853,88.4663867437011,1945
2007,62,"frauds","[2005,2010)","yr6064",8871,1888853,469.650099822485,1945
2007,62,"battery","[2005,2010)","yr6064",4045,1888853,214.151127694956,1945
2007,62,"assault","[2005,2010)","yr6064",129,1888853,6.82954152599488,1945
2007,62,"willful infliction of bodily injury","[2005,2010)","yr6064",3713,1888853,196.574323147434,1945
2012,17,"larceny","[2010,2015)","yr1519",30421,3438414,884.73930131741,1995
2012,17,"intentional property damage","[2010,2015)","yr1519",871,3438414,25.3314464168655,1995
2012,17,"punishment of violences, etc. act","[2010,2015)","yr1519",16502,3438414,479.930572641922,1995
2012,17,"battery","[2010,2015)","yr1519",7634,3438414,222.020966643342,1995
2012,17,"murder","[2010,2015)","yr1519",30,3438414,0.872495284162989,1995
2012,17,"willful infliction of bodily injury","[2010,2015)","yr1519",4701,3438414,136.72001102834,1995
2012,17,"assault","[2010,2015)","yr1519",163,3438414,4.74055771061891,1995
2012,17,"frauds","[2010,2015)","yr1519",8654,3438414,251.685806304884,1995
2012,17,"robbery","[2010,2015)","yr1519",850,3438414,24.7206997179514,1995
2012,17,"stolen goods","[2010,2015)","yr1519",1047,3438414,30.4500854172883,1995
2012,22,"larceny","[2010,2015)","yr2024",9286,3055420,303.918937494682,1990
2012,22,"battery","[2010,2015)","yr2024",11117,3055420,363.845232406674,1990
2012,22,"intentional property damage","[2010,2015)","yr2024",1458,3055420,47.7184806016849,1990
2012,22,"punishment of violences, etc. act","[2010,2015)","yr2024",11222,3055420,367.281748499388,1990
2012,22,"robbery","[2010,2015)","yr2024",381,3055420,12.4696441078477,1990
2012,22,"willful infliction of bodily injury","[2010,2015)","yr2024",6170,3055420,201.936231352809,1990
2012,22,"frauds","[2010,2015)","yr2024",13161,3055420,430.742745678172,1990
2012,22,"murder","[2010,2015)","yr2024",52,3055420,1.70189368401071,1990
2012,22,"stolen goods","[2010,2015)","yr2024",492,3055420,16.1025325487167,1990
2012,22,"assault","[2010,2015)","yr2024",172,3055420,5.62934064711235,1990
2012,27,"punishment of violences, etc. act","[2010,2015)","yr2529",11618,3538949,328.289557153833,1985
2012,27,"battery","[2010,2015)","yr2529",14045,3538949,396.869239991873,1985
2012,27,"larceny","[2010,2015)","yr2529",8049,3538949,227.440406742228,1985
2012,27,"murder","[2010,2015)","yr2529",75,3538949,2.11927326446355,1985
2012,27,"robbery","[2010,2015)","yr2529",406,3538949,11.4723326049627,1985
2012,27,"willful infliction of bodily injury","[2010,2015)","yr2529",7866,3538949,222.269379976937,1985
2012,27,"intentional property damage","[2010,2015)","yr2529",2318,3538949,65.4996723603533,1985
2012,27,"assault","[2010,2015)","yr2529",277,3538949,7.82718259008536,1985
2012,27,"frauds","[2010,2015)","yr2529",18699,3538949,528.377210296051,1985
2012,27,"stolen goods","[2010,2015)","yr2529",470,3538949,13.2807791239716,1985
2012,32,"larceny","[2010,2015)","yr3034",7509,3695348,203.20143055539,1980
2012,32,"punishment of violences, etc. act","[2010,2015)","yr3034",9838,3695348,266.226617899045,1980
2012,32,"battery","[2010,2015)","yr3034",16473,3695348,445.776690043806,1980
2012,32,"murder","[2010,2015)","yr3034",95,3695348,2.57079982724225,1980
2012,32,"willful infliction of bodily injury","[2010,2015)","yr3034",8816,3695348,238.570223968081,1980
2012,32,"assault","[2010,2015)","yr3034",438,3695348,11.8527402561274,1980
2012,32,"intentional property damage","[2010,2015)","yr3034",2945,3695348,79.6947946445098,1980
2012,32,"robbery","[2010,2015)","yr3034",383,3695348,10.3643824614082,1980
2012,32,"stolen goods","[2010,2015)","yr3034",553,3695348,14.9647610996312,1980
2012,32,"frauds","[2010,2015)","yr3034",24345,3695348,658.801282044343,1980
2012,37,"larceny","[2010,2015)","yr3539",7097,4099147,173.133581206041,1975
2012,37,"intentional property damage","[2010,2015)","yr3539",3432,4099147,83.7247359023719,1975
2012,37,"murder","[2010,2015)","yr3539",119,4099147,2.90304299894588,1975
2012,37,"willful infliction of bodily injury","[2010,2015)","yr3539",9847,4099147,240.220709332942,1975
2012,37,"stolen goods","[2010,2015)","yr3539",557,4099147,13.5881928606122,1975
2012,37,"battery","[2010,2015)","yr3539",18408,4099147,449.069038021813,1975
2012,37,"frauds","[2010,2015)","yr3539",28927,4099147,705.683401937037,1975
2012,37,"punishment of violences, etc. act","[2010,2015)","yr3539",8859,4099147,216.118133845895,1975
2012,37,"assault","[2010,2015)","yr3539",601,4099147,14.6615869106426,1975
2012,37,"robbery","[2010,2015)","yr3539",318,4099147,7.75771154340159,1975
2012,42,"punishment of violences, etc. act","[2010,2015)","yr4044",9172,4131423,222.005831888916,1970
2012,42,"assault","[2010,2015)","yr4044",802,4131423,19.4121976858821,1970
2012,42,"robbery","[2010,2015)","yr4044",274,4131423,6.63209746375522,1970
2012,42,"willful infliction of bodily injury","[2010,2015)","yr4044",11624,4131423,281.355842768944,1970
2012,42,"battery","[2010,2015)","yr4044",21993,4131423,532.334742775068,1970
2012,42,"larceny","[2010,2015)","yr4044",7554,4131423,182.842570223383,1970
2012,42,"stolen goods","[2010,2015)","yr4044",584,4131423,14.1355653972009,1970
2012,42,"frauds","[2010,2015)","yr4044",34713,4131423,840.218975399033,1970
2012,42,"intentional property damage","[2010,2015)","yr4044",4156,4131423,100.594879778711,1970
2012,42,"murder","[2010,2015)","yr4044",154,4131423,3.72752923145367,1970
2012,47,"willful infliction of bodily injury","[2010,2015)","yr4549",12090,4073358,296.806713281769,1965
2012,47,"assault","[2010,2015)","yr4549",879,4073358,21.5792473924462,1965
2012,47,"robbery","[2010,2015)","yr4549",220,4073358,5.40094929048711,1965
2012,47,"punishment of violences, etc. act","[2010,2015)","yr4549",8752,4073358,214.859582683378,1965
2012,47,"battery","[2010,2015)","yr4549",22904,4073358,562.287920678713,1965
2012,47,"frauds","[2010,2015)","yr4549",36136,4073358,887.13047073201,1965
2012,47,"larceny","[2010,2015)","yr4549",7591,4073358,186.357300291308,1965
2012,47,"stolen goods","[2010,2015)","yr4549",577,4073358,14.1652170027776,1965
2012,47,"intentional property damage","[2010,2015)","yr4549",4281,4073358,105.097563238979,1965
2012,47,"murder","[2010,2015)","yr4549",162,4073358,3.97706265935869,1965
2012,52,"willful infliction of bodily injury","[2010,2015)","yr5054",10486,3798131,276.083157742584,1960
2012,52,"battery","[2010,2015)","yr5054",19941,3798131,525.021385518298,1960
2012,52,"stolen goods","[2010,2015)","yr5054",511,3798131,13.4539856576827,1960
2012,52,"assault","[2010,2015)","yr5054",790,3798131,20.7997038543431,1960
2012,52,"frauds","[2010,2015)","yr5054",31363,3798131,825.748243017421,1960
2012,52,"robbery","[2010,2015)","yr5054",151,3798131,3.97563959747571,1960
2012,52,"intentional property damage","[2010,2015)","yr5054",3511,3798131,92.4402028260742,1960
2012,52,"murder","[2010,2015)","yr5054",137,3798131,3.60703725068988,1960
2012,52,"larceny","[2010,2015)","yr5054",6848,3798131,180.299205056382,1960
2012,52,"punishment of violences, etc. act","[2010,2015)","yr5054",6831,3798131,179.851616492427,1960
2012,57,"intentional property damage","[2010,2015)","yr5559",2488,2766695,89.9267899063684,1955
2012,57,"robbery","[2010,2015)","yr5559",93,2766695,3.3614113590403,1955
2012,57,"battery","[2010,2015)","yr5559",14742,2766695,532.83791672013,1955
2012,57,"frauds","[2010,2015)","yr5559",23260,2766695,840.714281841692,1955
2012,57,"murder","[2010,2015)","yr5559",103,2766695,3.72285344065754,1955
2012,57,"larceny","[2010,2015)","yr5559",5457,2766695,197.238943938526,1955
2012,57,"willful infliction of bodily injury","[2010,2015)","yr5559",7843,2766695,283.479024612399,1955
2012,57,"assault","[2010,2015)","yr5559",579,2766695,20.927496525638,1955
2012,57,"punishment of violences, etc. act","[2010,2015)","yr5559",4813,2766695,173.962073882376,1955
2012,57,"stolen goods","[2010,2015)","yr5559",397,2766695,14.3492506402043,1955
2012,62,"battery","[2010,2015)","yr6064",8282,2182236,379.518988780315,1950
2012,62,"willful infliction of bodily injury","[2010,2015)","yr6064",4570,2182236,209.418229742338,1950
2012,62,"stolen goods","[2010,2015)","yr6064",236,2182236,10.8145956715956,1950
2012,62,"assault","[2010,2015)","yr6064",324,2182236,14.8471567694786,1950
2012,62,"intentional property damage","[2010,2015)","yr6064",1427,2182236,65.3916441668087,1950
2012,62,"robbery","[2010,2015)","yr6064",50,2182236,2.29122789652448,1950
2012,62,"murder","[2010,2015)","yr6064",62,2182236,2.84112259169036,1950
2012,62,"frauds","[2010,2015)","yr6064",12773,2182236,585.317078446144,1950
2012,62,"larceny","[2010,2015)","yr6064",3543,2182236,162.356408747725,1950
2012,62,"punishment of violences, etc. act","[2010,2015)","yr6064",2647,2182236,121.297604842006,1950
2017,17,"stolen goods","[2015,2020)","yr1519",530,2874926.21322173,18.4352557489142,2000
2017,17,"willful infliction of bodily injury","[2015,2020)","yr1519",7084,2874926.21322173,246.406324010015,2000
2017,17,"larceny","[2015,2020)","yr1519",18713,2874926.21322173,650.903661942323,2000
2017,17,"murder","[2015,2020)","yr1519",24,2874926.21322173,0.834804033913095,2000
2017,17,"robbery","[2015,2020)","yr1519",370,2874926.21322173,12.8698955228269,2000
2017,17,"intentional property damage","[2015,2020)","yr1519",1330,2874926.21322173,46.2620568793507,2000
2017,17,"battery","[2015,2020)","yr1519",14270,2874926.21322173,496.360565164161,2000
2017,17,"frauds","[2015,2020)","yr1519",10501,2874926.21322173,365.261548338392,2000
2017,17,"assault","[2015,2020)","yr1519",690,2874926.21322173,24.0006159750015,2000
2017,22,"stolen goods","[2015,2020)","yr2024",286,3401510.74125407,8.40802871886735,1995
2017,22,"willful infliction of bodily injury","[2015,2020)","yr2024",7071,3401510.74125407,207.87822052836,1995
2017,22,"larceny","[2015,2020)","yr2024",9372,3401510.74125407,275.524633402884,1995
2017,22,"murder","[2015,2020)","yr2024",52,3401510.74125407,1.52873249433952,1995
2017,22,"robbery","[2015,2020)","yr2024",196,3401510.74125407,5.76214555558742,1995
2017,22,"battery","[2015,2020)","yr2024",20647,3401510.74125407,606.994996358232,1995
2017,22,"intentional property damage","[2015,2020)","yr2024",2332,3401510.74125407,68.5577726307646,1995
2017,22,"assault","[2015,2020)","yr2024",921,3401510.74125407,27.076204370898,1995
2017,22,"frauds","[2015,2020)","yr2024",18923,3401510.74125407,556.311634430514,1995
2017,27,"murder","[2015,2020)","yr2529",66,3293577.52919369,2.0038999967357,1990
2017,27,"robbery","[2015,2020)","yr2529",152,3293577.52919369,4.61504241672464,1990
2017,27,"intentional property damage","[2015,2020)","yr2529",2622,3293577.52919369,79.6094816885,1990
2017,27,"frauds","[2015,2020)","yr2529",17958,3293577.52919369,545.242971839085,1990
2017,27,"willful infliction of bodily injury","[2015,2020)","yr2529",6217,3293577.52919369,188.76130726827,1990
2017,27,"battery","[2015,2020)","yr2529",19132,3293577.52919369,580.888102084051,1990
2017,27,"stolen goods","[2015,2020)","yr2529",230,3293577.52919369,6.98328786741228,1990
2017,27,"assault","[2015,2020)","yr2529",1116,3293577.52919369,33.8841272175309,1990
2017,27,"larceny","[2015,2020)","yr2529",7903,3293577.52919369,239.951843548518,1990
2017,32,"frauds","[2015,2020)","yr3034",19052,3477610.63348316,547.847416170269,1985
2017,32,"stolen goods","[2015,2020)","yr3034",284,3477610.63348316,8.16652667396369,1985
2017,32,"assault","[2015,2020)","yr3034",1436,3477610.63348316,41.2927193796192,1985
2017,32,"murder","[2015,2020)","yr3034",76,3477610.63348316,2.18540854655366,1985
2017,32,"willful infliction of bodily injury","[2015,2020)","yr3034",6405,3477610.63348316,184.178180798371,1985
2017,32,"intentional property damage","[2015,2020)","yr3034",2947,3477610.63348316,84.7420919301796,1985
2017,32,"robbery","[2015,2020)","yr3034",168,3477610.63348316,4.8309031029081,1985
2017,32,"battery","[2015,2020)","yr3034",19750,3477610.63348316,567.918668347827,1985
2017,32,"larceny","[2015,2020)","yr3034",6982,3477610.63348316,200.770032526812,1985
2017,37,"willful infliction of bodily injury","[2015,2020)","yr3539",6882,3984637.06754828,172.713345866514,1980
2017,37,"stolen goods","[2015,2020)","yr3539",292,3984637.06754828,7.3281454508896,1980
2017,37,"murder","[2015,2020)","yr3539",88,3984637.06754828,2.20848219067906,1980
2017,37,"larceny","[2015,2020)","yr3539",6852,3984637.06754828,171.960454210601,1980
2017,37,"frauds","[2015,2020)","yr3539",22620,3984637.06754828,567.680308558639,1980
2017,37,"robbery","[2015,2020)","yr3539",151,3984637.06754828,3.78955466809702,1980
2017,37,"intentional property damage","[2015,2020)","yr3539",3502,3984637.06754828,87.8875526336143,1980
2017,37,"assault","[2015,2020)","yr3539",1844,3984637.06754828,46.2777404501384,1980
2017,37,"battery","[2015,2020)","yr3539",22122,3984637.06754828,555.182307070478,1980
2017,42,"willful infliction of bodily injury","[2015,2020)","yr4044",7608,3872297.03439894,196.472531224117,1975
2017,42,"robbery","[2015,2020)","yr4044",127,3872297.03439894,3.27970708010815,1975
2017,42,"stolen goods","[2015,2020)","yr4044",283,3872297.03439894,7.30832365094966,1975
2017,42,"larceny","[2015,2020)","yr4044",7036,3872297.03439894,181.700937131031,1975
2017,42,"murder","[2015,2020)","yr4044",103,3872297.03439894,2.6599199153633,1975
2017,42,"battery","[2015,2020)","yr4044",24455,3872297.03439894,631.537296409802,1975
2017,42,"intentional property damage","[2015,2020)","yr4044",3986,3872297.03439894,102.93631827804,1975
2017,42,"frauds","[2015,2020)","yr4044",26972,3872297.03439894,696.537475312418,1975
2017,42,"assault","[2015,2020)","yr4044",2226,3872297.03439894,57.4852595300846,1975
2017,47,"willful infliction of bodily injury","[2015,2020)","yr4549",8524,4133686.06066367,206.208209208598,1970
2017,47,"robbery","[2015,2020)","yr4549",122,4133686.06066367,2.95136104216905,1970
2017,47,"stolen goods","[2015,2020)","yr4549",263,4133686.06066367,6.36236027943,1970
2017,47,"larceny","[2015,2020)","yr4549",7876,4133686.06066367,190.532127607569,1970
2017,47,"murder","[2015,2020)","yr4549",128,4133686.06066367,3.09650994588228,1970
2017,47,"intentional property damage","[2015,2020)","yr4549",4722,4133686.06066367,114.232187222314,1970
2017,47,"frauds","[2015,2020)","yr4549",31737,4133686.06066367,767.76512619114,1970
2017,47,"battery","[2015,2020)","yr4549",27131,4133686.06066367,656.339151107283,1970
2017,47,"assault","[2015,2020)","yr4549",2675,4133686.06066367,64.7122195721492,1970
2017,52,"stolen goods","[2015,2020)","yr5054",253,3967375.32954734,6.37701197856836,1965
2017,52,"willful infliction of bodily injury","[2015,2020)","yr5054",8472,3967375.32954734,213.54168174874,1965
2017,52,"larceny","[2015,2020)","yr5054",8472,3967375.32954734,213.54168174874,1965
2017,52,"robbery","[2015,2020)","yr5054",101,3967375.32954734,2.54576367523875,1965
2017,52,"battery","[2015,2020)","yr5054",26471,3967375.32954734,667.21693314104,1965
2017,52,"murder","[2015,2020)","yr5054",128,3967375.32954734,3.22631436069862,1965
2017,52,"assault","[2015,2020)","yr5054",2644,3967375.32954734,66.6435560131809,1965
2017,52,"frauds","[2015,2020)","yr5054",31877,3967375.32954734,803.478303718671,1965
2017,52,"intentional property damage","[2015,2020)","yr5054",4659,3967375.32954734,117.432801613241,1965
2017,57,"battery","[2015,2020)","yr5559",22159,4045962.92450206,547.681736424392,1960
2017,57,"stolen goods","[2015,2020)","yr5559",225,4045962.92450206,5.56109890768935,1960
2017,57,"willful infliction of bodily injury","[2015,2020)","yr5559",7018,4045962.92450206,173.456853929617,1960
2017,57,"assault","[2015,2020)","yr5559",2158,4045962.92450206,53.3371175235272,1960
2017,57,"robbery","[2015,2020)","yr5559",71,4045962.92450206,1.7548356553153,1960
2017,57,"larceny","[2015,2020)","yr5559",8347,4045962.92450206,206.304411477702,1960
2017,57,"murder","[2015,2020)","yr5559",113,4045962.92450206,2.79290745141732,1960
2017,57,"frauds","[2015,2020)","yr5559",26861,4045962.92450206,663.896345597527,1960
2017,57,"intentional property damage","[2015,2020)","yr5559",3859,4045962.92450206,95.3790252656586,1960
2017,62,"robbery","[2015,2020)","yr6064",40,3161036.77314401,1.26540761372464,1955
2017,62,"assault","[2015,2020)","yr6064",1348,3161036.77314401,42.6442365825204,1955
2017,62,"stolen goods","[2015,2020)","yr6064",149,3161036.77314401,4.71364336112429,1955
2017,62,"frauds","[2015,2020)","yr6064",16502,3161036.77314401,522.0439110421,1955
2017,62,"battery","[2015,2020)","yr6064",13990,3161036.77314401,442.576312900193,1955
2017,62,"intentional property damage","[2015,2020)","yr6064",2474,3161036.77314401,78.265460908869,1955
2017,62,"murder","[2015,2020)","yr6064",75,3161036.77314401,2.3726392757337,1955
2017,62,"larceny","[2015,2020)","yr6064",6416,3161036.77314401,202.971381241432,1955
2017,62,"willful infliction of bodily injury","[2015,2020)","yr6064",4443,3161036.77314401,140.555150694464,1955
